{
  "2025-07-01T21:20:53.867Z": {
    "id": "ESP32_BASURA_01",
    "trashLevel": 50,
    "temperature": 24.5,
    "humidity": 60,
    "gasLevel": 10,
    "flameDetected": false,
    "personDetected": true,
    "batteryLevel": 85,
    "solarCharging": true,
    "userTokens": 200,
    "dailyDeposits": 5
  },
  "2025-07-01T21:22:02.565Z": {
    "id": "ESP32_BASURA_01",
    "trashLevel": 50,
    "temperature": 24.5,
    "humidity": 60,
    "gasLevel": 10,
    "flameDetected": false,
    "personDetected": true,
    "batteryLevel": 85,
    "solarCharging": true,
    "userTokens": 200,
    "dailyDeposits": 5
  },
  "2025-07-01T21:27:27.547Z": {
    "id": "ESP32_BASURA_01",
    "trashLevel": 50,
    "temperature": 24.5,
    "humidity": 60,
    "gasLevel": 10,
    "flameDetected": false,
    "personDetected": true,
    "batteryLevel": 85,
    "solarCharging": true,
    "userTokens": 200,
    "dailyDeposits": 5
  },
  "2025-07-01T21:29:55.860Z": {
    "id": "ESP32_BASURA_01",
    "trashLevel": 50,
    "temperature": 24.5,
    "humidity": 60,
    "gasLevel": 10,
    "flameDetected": false,
    "personDetected": true,
    "batteryLevel": 85,
    "solarCharging": true,
    "userTokens": 200,
    "dailyDeposits": 5
  },
  "2025-07-01T21:44:07.907Z": {
    "id": "ESP32_BASURA_01",
    "trashLevel": 50,
    "temperature": 24.5,
    "humidity": 60,
    "gasLevel": 10,
    "flameDetected": false,
    "personDetected": true,
    "batteryLevel": 85,
    "solarCharging": true,
    "userTokens": 200,
    "dailyDeposits": 5
  },
  "2025-07-08T19:02:03.650Z": {
    "type": "data",
    "trash": 50,
    "temp": 22,
    "hum": 69,
    "flame": false,
    "bat": 0,
    "tokens": 0,
    "deps": 0,
    "win": false,
    "time": 10
  },
  "2025-07-08T19:02:13.755Z": {
    "type": "data",
    "trash": 50,
    "temp": 21,
    "hum": 69,
    "flame": false,
    "bat": 0,
    "tokens": 0,
    "deps": 0,
    "win": false,
    "time": 20
  },
  "2025-07-08T19:02:23.750Z": {
    "type": "data",
    "trash": 50,
    "temp": 21,
    "hum": 69,
    "flame": false,
    "bat": 0,
    "tokens": 0,
    "deps": 0,
    "win": false,
    "time": 30
  },
  "2025-07-08T19:02:38.032Z": {
    "type": "data",
    "trash": 50,
    "temp": 21,
    "hum": 69,
    "flame": false,
    "bat": 0,
    "tokens": 0,
    "deps": 0,
    "win": false,
    "time": 10
  },
  "2025-07-08T19:02:51.690Z": {
    "type": "data",
    "trash": 50,
    "temp": 21,
    "hum": 69,
    "flame": false,
    "bat": 0,
    "tokens": 0,
    "deps": 0,
    "win": false,
    "time": 10
  },
  "2025-07-08T19:03:03.780Z": {
    "type": "data",
    "trash": 50,
    "temp": 21,
    "hum": 69,
    "flame": false,
    "bat": 0,
    "tokens": 0,
    "deps": 0,
    "win": false,
    "time": 10
  },

  "2025-07-15T21:37:02.833Z": {
    "type": "data",
    "trash": 0,
    "temp": 20,
    "hum": 71,
    "flame": false,
    "bat": 85,
    "tokens": 0,
    "deps": 0,
    "win": false,
    "button": false,
    "time": 462
  },
  "2025-07-15T21:37:12.868Z": {
    "type": "data",
    "trash": 32,
    "temp": 20,
    "hum": 71,
    "flame": false,
    "bat": 85,
    "tokens": 0,
    "deps": 0,
    "win": false,
    "button": false,
    "time": 472
  },
  "2025-07-15T21:37:22.935Z": {
    "type": "data",
    "trash": 72,
    "temp": 20,
    "hum": 71,
    "flame": false,
    "bat": 85,
    "tokens": 0,
    "deps": 0,
    "win": false,
    "button": false,
    "time": 482
  },
  "2025-07-15T21:37:32.907Z": {
    "type": "data",
    "trash": 38,
    "temp": 20,
    "hum": 71,
    "flame": false,
    "bat": 85,
    "tokens": 0,
    "deps": 0,
    "win": false,
    "button": false,
    "time": 492
  },
  "2025-07-15T21:37:42.923Z": {
    "type": "data",
    "trash": 32,
    "temp": 20,
    "hum": 71,
    "flame": false,
    "bat": 85,
    "tokens": 0,
    "deps": 0,
    "win": false,
    "button": false,
    "time": 502
  },
  "2025-07-15T21:37:52.965Z": {
    "type": "data",
    "trash": 18,
    "temp": 20,
    "hum": 71,
    "flame": false,
    "bat": 85,
    "tokens": 0,
    "deps": 0,
    "win": false,
    "button": false,
    "time": 512
  },
  "2025-07-15T21:38:02.981Z": {
    "type": "data",
    "trash": 44,
    "temp": 20,
    "hum": 71,
    "flame": false,
    "bat": 85,
    "tokens": 0,
    "deps": 0,
    "win": false,
    "button": false,
    "time": 522
  },
  "2025-07-15T21:38:13.014Z": {
    "type": "data",
    "trash": 0,
    "temp": 20,
    "hum": 71,
    "flame": false,
    "bat": 85,
    "tokens": 0,
    "deps": 0,
    "win": false,
    "button": false,
    "time": 532
  },

  "2025-07-16T08:33:36.935Z": {
    "type": "data",
    "trash": 0,
    "temp": 19,
    "hum": 76,
    "flame": false,
    "bat": 90,
    "tokens": 0,
    "deps": 0,
    "win": false,
    "button": false,
    "time": 20
  },
  "2025-07-16T08:34:16.166Z": {
    "type": "data",
    "trash": 50,
    "temp": 19,
    "hum": 76,
    "flame": false,
    "bat": 80,
    "tokens": 0,
    "deps": 0,
    "win": false,
    "button": false,
    "time": 13
  },
  "2025-07-16T08:34:26.168Z": {
    "type": "data",
    "trash": 50,
    "temp": 19,
    "hum": 76,
    "flame": false,
    "bat": 84,
    "tokens": 0,
    "deps": 0,
    "win": false,
    "button": false,
    "time": 23
  },
  "2025-07-16T08:34:36.197Z": {
    "type": "data",
    "trash": 50,
    "temp": 19,
    "hum": 76,
    "flame": false,
    "bat": 83,
    "tokens": 0,
    "deps": 0,
    "win": false,
    "button": false,
    "time": 33
  },
  "2025-07-16T08:34:46.237Z": {
    "type": "data",
    "trash": 50,
    "temp": 19,
    "hum": 77,
    "flame": false,
    "bat": 75,
    "tokens": 0,
    "deps": 0,
    "win": false,
    "button": false,
    "time": 43
  },
  "2025-07-16T08:34:56.235Z": {
    "type": "data",
    "trash": 50,
    "temp": 19,
    "hum": 77,
    "flame": false,
    "bat": 84,
    "tokens": 0,
    "deps": 0,
    "win": false,
    "button": false,
    "time": 53
  },
  "2025-07-16T08:35:06.288Z": {
    "type": "data",
    "trash": 0,
    "temp": 19,
    "hum": 77,
    "flame": false,
    "bat": 84,
    "tokens": 0,
    "deps": 0,
    "win": false,
    "button": false,
    "time": 63
  },
  "2025-07-16T08:35:16.286Z": {
    "type": "data",
    "trash": 0,
    "temp": 19,
    "hum": 77,
    "flame": false,
    "bat": 90,
    "tokens": 0,
    "deps": 0,
    "win": false,
    "button": false,
    "time": 73
  },
  "2025-07-16T08:35:26.286Z": {
    "type": "data",
    "trash": 0,
    "temp": 19,
    "hum": 77,
    "flame": false,
    "bat": 90,
    "tokens": 0,
    "deps": 0,
    "win": false,
    "button": false,
    "time": 83
  },
  "2025-07-16T08:35:36.334Z": {
    "type": "data",
    "trash": 0,
    "temp": 19,
    "hum": 77,
    "flame": false,
    "bat": 90,
    "tokens": 25,
    "deps": 5,
    "win": true,
    "button": false,
    "time": 93
  },
  
  "2025-07-17T02:02:25.599Z": {
    "type": "data",
    "trash": 1,
    "temp": 23,
    "hum": 98,
    "flame": false,
    "bat": 100,
    "tokens": 0,
    "deps": 0,
    "win": false,
    "button": false,
    "time": 80
  }
}